title,description
Python,Python - высокоуровневый язык программирования, известный своей простотой и универсальностью. Широко используется в веб-разработке, анализе данных, искусственном интеллекте и многом другом.
JavaScript,JavaScript - популярный язык программирования, в основном используемый для создания динамических и интерактивных веб-страниц. Он необходим для разработки интерфейсов веб-приложений.
SQL,SQL (Structured Query Language) - язык запросов, используемый для управления и манипулирования базами данных. Позволяет пользователям эффективно хранить, извлекать и обрабатывать данные.
HTML/CSS,HTML (Hypertext Markup Language) и CSS (Cascading Style Sheets) - неотъемлемые языки для создания и стилизации веб-страниц. HTML определяет структуру, а CSS контролирует оформление и внешний вид.
Java,Java - широко используемый язык программирования, известный своей переносимостью и совместимостью. Обычно используется для разработки мобильных приложений, корпоративного программного обеспечения и крупных веб-приложений.
React,React - библиотека JavaScript для создания пользовательских интерфейсов. Поддерживается Facebook и сообществом разработчиков и компаний.
Git,Git - система контроля версий, используемая для отслеживания изменений в исходном коде во время разработки программного обеспечения. Позволяет нескольким разработчикам эффективно сотрудничать над проектами.
Docker,Docker - платформа для разработки, доставки и запуска приложений в контейнерах. Обеспечивает эффективный способ упаковки и развертывания программного обеспечения в различных средах.
AWS,AWS (Amazon Web Services) - облачная платформа, предлагающая широкий спектр услуг, включая вычислительную мощность, хранение данных и базы данных. Обычно используется для размещения веб-сайтов и веб-приложений.
Машинное обучение,Машинное обучение - подмножество искусственного интеллекта, которое позволяет компьютерам учиться и улучшаться на основе опыта без явного программирования. Используется в различных областях, включая анализ данных, распознавание образов и прогностическое моделирование.
DevOps,DevOps - практика объединения разработки (Development) и эксплуатации (Operations) в единый процесс. Цель - повышение скорости развертывания приложений и улучшение их качества.
CI/CD,CI/CD (Continuous Integration/Continuous Deployment) - методология автоматизации процессов разработки и развертывания программного обеспечения. Обеспечивает непрерывную поставку изменений в производственную среду.
Containerization,Контейнеризация - технология упаковки приложений и их зависимостей в контейнеры для облегчения развертывания и управления.
Microservices,Микросервисная архитектура - подход к разработке программного обеспечения, при котором приложение состоит из небольших, независимых и легко масштабируемых сервисов.
Kubernetes,Kubernetes - платформа для автоматизации развертывания, масштабирования и управления контейнеризированными приложениями. Обеспечивает оркестрацию контейнеров и управление ресурсами.
Cybersecurity,Кибербезопасность - практики и технологии для защиты компьютерных систем, сетей и данных от киберугроз.
Big Data,Big Data - область обработки и анализа огромных объемов данных, требующих специализированных инструментов и методов.
Blockchain,Блокчейн - распределенная база данных, состоящая из цепочки блоков, предназначенных для записи транзакций и других данных с высокой степенью безопасности и надежности.
AI/ML,Искусственный интеллект и машинное обучение - область компьютерных наук, изучающая создание интеллектуальных систем, способных обучаться и принимать решения без человеческого вмешательства.
